[null,{"name":"help","permissions":"NONE","restriction":"0","actions":[{"channel":"0","varName":"","message":"```HTTP\nWitaj, jestem botem stworzonym przez Piotrka na cel Wycieków :). \nDostępne komendy:\n\n!!kutang\n!!paczka\n!!wyciek\n```","storage":"0","varName2":"","name":"Send Message"}]},{"name":"paczka","permissions":"NONE","restriction":"1","actions":[{"channel":"0","varName":"","message":"```\nWitaj, na discordzie paczki PPack. PPack jest to paczka stworzona z myślą o optymalizacji gry i dodaniu nowych dodatków sprzyjających grze.\nKażdy użytkownik grający na paczce może wybrać sobie dowolne skrzydła i napisać do @Nadawcy o nadanie skrzydel.\nProsimy podsylać nowe nowości jakie chcecie zobaczyć na paczce.\n```","storage":"0","varName2":"","name":"Send Message"}]},{"name":"nadajsk","permissions":"ADMINISTRATOR","restriction":"1","actions":[{"channel":"0","varName":"","message":"'''\nSukces! Poprawnie nadano skrzydła dla ${mentionedUser}\n'''","storage":"0","varName2":"","name":"Send Message"}]},{"name":"ban","permissions":"ADMINISTRATOR","restriction":"1","actions":[{"member":"0","varName":"","reason":"Aktualnie posiadasz blackliste.","name":"Ban Member"},{"channel":"0","varName":"","message":"${member} nadal blackliste na ${mentionedUser}","storage":"0","varName2":"","name":"Send Message"}]},{"name":"gra","permissions":"ADMINISTRATOR","restriction":"1","actions":[{"gameName":"pPack","gameLink":"","name":"Set Bot Game"}]},{"name":"unban","permissions":"ADMINISTRATOR","restriction":"1","actions":[{"member":"0","varName":"","reason":"Usunieto blackliste","name":"Unban Member"},{"channel":"0","varName":"","message":"${member} odbanowal gracza ${mentionedUser}","storage":"0","varName2":"","name":"Send Message"}]},{"name":"setname","permissions":"ADMINISTRATOR","restriction":"1","actions":[{"username":"PBot","name":"Set Bot Username"},{"channel":"0","varName":"","message":"Ustawiono","storage":"0","varName2":"","name":"Send Message"},{"server":"0","varName":"","nickname":"PBot","name":"Set Bot Nickname"}]},{"name":"setup","permissions":"ADMINISTRATOR","restriction":"1","_id":"LCVcY","actions":[{"channelName":"I N F O R M A C J E","position":"1","storage":"1","varName":"category","name":"Create Category Channel"},{"channel":"3","varName":"category","info":"1","storage":"1","varName2":"category","name":"Store Channel Info"},{"channelName":"👪 Użytkownicy:","categoryID":"","bitrate":"","userLimit":"1","storage":"2","varName":"user","name":"Create Voice Channel"},{"storage":"4","varName":"user","toChange":"parent","newState":"${tempVars(\"category\")}","name":"Edit Channel"},{"storage":"4","varName":"user","permission":"CONNECT","state":"1","name":"Set Voice Channel Perms"},{"channelName":"🕗 Godzina:","bitrate":"","userLimit":"1","storage":"2","varName":"hour","name":"Create Voice Channel"},{"storage":"4","varName":"hour","toChange":"parent","newState":"${tempVars(\"category\")}","name":"Edit Channel"},{"storage":"4","varName":"hour","permission":"CONNECT","state":"1","name":"Set Voice Channel Perms"},{"storage":"2","varName":"user","name":"Save Variable"},{"storage":"2","varName":"hour","name":"Save Variable"}],"comType":"0"},{"name":"wyciek","permissions":"NONE","restriction":"1","actions":[{"channel":"0","varName":"","message":"```\nAby zobaczyc wycieki wejdz na kanal \"wycieki\"\n```","storage":"0","varName2":"","name":"Send Message"},{"info":"1","find":"wyciek","storage":"1","varName":"wyciek","name":"Find Channel"}]},{"name":"clear","permissions":"NONE","restriction":"1","_id":"PBKiE","actions":[{"member":"1","varName":"","permission":"MANAGE_MESSAGES","iftrue":"3","iftrueVal":"2","iffalse":"0","iffalseVal":"","name":"Check Member Permissions"},{"channel":"0","varName":"","message":"❎ Nie posiadasz uprawnień `Zarządzanie Wiadomościami`.","storage":"0","varName2":"","name":"Send Message"},{"name":"End Action Sequence"},{"server":"0","varName":"","storage":"1","varName2":"BotUzytkownik","name":"Get Bot as Member"},{"member":"2","varName":"BotUzytkownik","permission":"MANAGE_MESSAGES","iftrue":"3","iftrueVal":"2","iffalse":"0","iffalseVal":"","name":"Check Member Permissions"},{"channel":"0","varName":"","message":"❎ Nie posiadam uprawnień `Zarządzanie Wiadomościami`. Skontaktuj się z administratorem bota.\nNiech nada mi większą permisję.","storage":"0","varName2":"","name":"Send Message"},{"name":"End Action Sequence"},{"info":"19","storage":"1","varName2":"botPrefix","name":"Store Bot Client Info"},{"condition":"0","comparison":"0","value":"0","iftrue":"0","iftrueVal":"","iffalse":"3","iffalseVal":"2","name":"Check Parameters"},{"channel":"0","varName":"","message":"❎ Wpisz jakąkolwiek liczbę, do usunięcia wiadomości.\n`${tempVars(\"botPrefix\") || \"Wystąpił problem z botem! \"}wyczysc [liczba]`","storage":"0","varName2":"","name":"Send Message"},{"name":"End Action Sequence"},{"storage":"0","varName":"","name":"Delete Message"},{"info":"0","infoIndex":"1","storage":"1","varName":"liczba","name":"Store Command Params"},{"channel":"0","count":"${tempVars(\"liczba\") || \"0\"}","condition":"0","custom":"","varName":"","name":"Delete Bulk Messages"},{"member":"1","varName":"","info":"2","storage":"1","varName2":"nickGracza","name":"Store Member Info"},{"member":"1","varName":"","info":"16","storage":"1","varName2":"avatarURL","name":"Store Member Info"},{"title":"","author":"✅ Sukces!","color":"","timestamp":"false","url":"","authorIcon":"${tempVars(\"avatarURL\")}","imageUrl":"","thumbUrl":"","storage":"1","varName":"embedSukces","name":"Create Embed Message"},{"storage":"1","varName":"embedSukces","message":"Usuwanie wiadomości powiodło się.\nW przybliżeniu usunięto **${tempVars(\"liczba\") || \"Błąd! Skontaktuj się z właścicielem bota.\"}** wiadomości.\n\n`Wiadomość ta usunię się automatycznie za 5 sekund.`","name":"Set Embed Description"},{"storage":"1","varName":"embedSukces","message":"Akcję wywołał: ${tempVars(\"nickGracza\") || \"Coś poszło nie tak! Skontaktuj się z właścicielem bota\"}","footerIcon":"","name":"Set Embed Footer"},{"storage":"1","varName":"embedSukces","channel":"0","varName2":"","storage3":"1","varName3":"embedSukcesWiadomosc","name":"Send Embed Message"},{"time":"5","measurement":"1","name":"Wait"},{"storage":"1","varName":"embedSukcesWiadomosc","name":"Delete Message"}]},{"name":"kutang","permissions":"NONE","restriction":"1","actions":[{"storage":"1","varName":"ter","min":"5","max":"30","name":"Generate Random Number"},{"title":"Twój kutang ma długość: ${tempVars(\"ter\")} cm!","author":"","color":"1AFF00","timestamp":"false","url":"","authorIcon":"","imageUrl":"","thumbUrl":"","storage":"1","varName":"testy","name":"Create Embed Message"},{"storage":"1","varName":"testy","channel":"0","varName2":"","name":"Send Embed Message"}]},{"name":"mute","permissions":"ADMINISTRATOR","restriction":"1","actions":[{"member":"0","varName":"","mute":"0","name":"Set Member Mute"},{"channel":"0","varName":"","message":"${member} wyciszył ${mentionedUser}","storage":"0","varName2":"","name":"Send Message"}]},{"name":"unmute","permissions":"ADMINISTRATOR","restriction":"1","actions":[{"member":"0","varName":"","mute":"1","name":"Set Member Mute"},{"channel":"0","varName":"","message":"${member} odciszył ${mentionedUser}","storage":"0","varName2":"","name":"Send Message"}]},{"name":"ostrzez","permissions":"NONE","restriction":"1","_id":"jsexV","actions":[{"member":"1","varName":"","permission":"KICK_MEMBERS","iftrue":"3","iftrueVal":"5","iffalse":"0","iffalseVal":"","name":"Check Member Permissions"},{"title":"","author":"","color":"#FF0000","timestamp":"false","url":"","authorIcon":"","imageUrl":"","thumbUrl":"","storage":"1","varName":"permsembed","name":"Create Embed Message"},{"storage":"1","varName":"permsembed","message":"**Błąd:** Brak uprawnień.","name":"Set Embed Description"},{"storage":"1","varName":"permsembed","message":"Chyba nie masz uprawnień :(","footerIcon":"","name":"Set Embed Footer"},{"storage":"1","varName":"permsembed","channel":"0","varName2":"","storage3":"0","varName3":"","name":"Send Embed Message"},{"name":"End Action Sequence"},{"condition":"1","comparison":"0","value":"1","iftrue":"3","iftrueVal":"4","iffalse":"0","iffalseVal":"","name":"Check Parameters"},{"title":"","author":"","color":"#55FF00","timestamp":"false","url":"","authorIcon":"","imageUrl":"","thumbUrl":"","storage":"1","varName":"embedinformacje","name":"Create Embed Message"},{"storage":"1","varName":"embedinformacje","message":"Chcesz dać warna użytkownikowi?\n**Wpisz:** `!ostrzez *@user* *(powod)*`","name":"Set Embed Description"},{"storage":"1","varName":"embedinformacje","channel":"0","varName2":"","storage3":"0","varName3":"","name":"Send Embed Message"},{"name":"End Action Sequence"},{"server":"0","varName":"","info":"1","storage":"1","varName2":"id","name":"Store Server Info"},{"member":"0","varName":"","dataName":"${tempVars(\"id\")}.warnings","defaultVal":"0","storage":"1","varName2":"warnings","name":"Store Member Data"},{"member":"0","varName":"","info":"16","storage":"1","varName2":"img","name":"Store Member Info"},{"member":"0","varName":"","info":"3","storage":"1","varName2":"name","name":"Store Member Info"},{"member":"0","varName":"","info":"7","storage":"1","varName2":"menusertag","name":"Store Member Things"},{"member":"1","varName":"","info":"7","storage":"1","varName2":"authusertag","name":"Store Member Things"},{"member":"1","varName":"","info":"16","storage":"1","varName2":"img2","name":"Store Member Info"},{"member":"0","varName":"","info":"7","storage":"1","varName2":"username","name":"Store Member Things"},{"server":"0","varName":"","info":"2","storage":"1","varName2":"server","name":"Store Server Info"},{"info":"2","infoIndex":"1","storage":"2","varName":"user","name":"Store Command Params"},{"info":"1","infoIndex":"2","storage":"2","varName":"reason","name":"Store Command Params"},{"title":"","author":"Dodano Ostrzeżenie!","color":"#FF0000","timestamp":"true","url":"","authorIcon":"${tempVars(\"img\")}","imageUrl":"","thumbUrl":"","storage":"1","varName":"embed-info","name":"Create Embed Message"},{"storage":"1","varName":"embed-info","fieldName":"●  Użytkownik","message":"${tempVars(\"menusertag\")}","inline":"0","name":"Add Embed Field"},{"storage":"1","varName":"embed-info","fieldName":"●  Nadający","message":"${tempVars(\"authusertag\")}","inline":"0","name":"Add Embed Field"},{"storage":"1","varName":"embed-info","fieldName":"●  Powód","message":"${serverVars(\"reason\")}","inline":"0","name":"Add Embed Field"},{"storage":"1","varName":"embed-info","channel":"0","varName2":"reported","storage3":"0","varName3":"","name":"Send Embed Message"},{"member":"0","varName":"","dataName":"${tempVars(\"id\")}.warnings","changeType":"1","value":"1","name":"Control Member Data"},{"storage":"0","varName":"","name":"Delete Message"}],"comType":"0"},{"name":"ostrzezenia","permissions":"NONE","restriction":"1","actions":[{"member":"1","varName":"","permission":"KICK_MEMBERS","iftrue":"2","iftrueVal":"11","iffalse":"0","iffalseVal":"9","name":"Check Member Permissions"},{"server":"0","varName":"","info":"1","storage":"1","varName2":"id","name":"Store Server Info"},{"member":"1","varName":"","info":"16","storage":"1","varName2":"imgurl","name":"Store Member Info"},{"member":"1","varName":"","info":"7","storage":"1","varName2":"name","name":"Store Member Things"},{"member":"1","varName":"","dataName":"${tempVars(\"id\")}.warnings","defaultVal":"0","storage":"1","varName2":"warnings","name":"Store Member Data"},{"title":"","author":"${tempVars(\"name\")}","color":"#FF0000","timestamp":"true","url":"","authorIcon":"${tempVars(\"imgurl\")}","imageUrl":"","thumbUrl":"","storage":"1","varName":"send","name":"Create Embed Message"},{"storage":"1","varName":"send","fieldName":"● Ilość ostrzeżeń","message":"${tempVars(\"warnings\")}","inline":"0","name":"Add Embed Field"},{"storage":"1","varName":"send","message":"Ostrzeżenia z","footerIcon":"","name":"Set Embed Footer"},{"storage":"1","varName":"send","channel":"0","varName2":"","name":"Send Embed Message"},{"name":"End Action Sequence"},{"condition":"1","comparison":"0","value":"1","iftrue":"0","iftrueVal":"","iffalse":"2","iffalseVal":"2","name":"Check Parameters"},{"server":"0","varName":"","info":"1","storage":"1","varName2":"id","name":"Store Server Info"},{"member":"0","varName":"","info":"16","storage":"1","varName2":"imgurl","name":"Store Member Info"},{"member":"0","varName":"","info":"7","storage":"1","varName2":"name","name":"Store Member Things"},{"member":"0","varName":"","dataName":"${tempVars(\"id\")}.warnings","defaultVal":"0","storage":"1","varName2":"warnings","name":"Store Member Data"},{"title":"","author":"Ostrzeżenia użytkownika: ${tempVars(\"name\")}","color":"#FF0000","timestamp":"true","url":"","authorIcon":"${tempVars(\"imgurl\")}","imageUrl":"","thumbUrl":"","storage":"1","varName":"send","name":"Create Embed Message"},{"storage":"1","varName":"send","fieldName":"● Ilość ostrzeżeń","message":"${tempVars(\"warnings\")}","inline":"0","name":"Add Embed Field"},{"storage":"1","varName":"send","message":"Ostrzeżenia z","footerIcon":"","name":"Set Embed Footer"},{"storage":"1","varName":"send","channel":"0","varName2":"","name":"Send Embed Message"}],"_id":"sPvqW"},{"name":"testowa","permissions":"NONE","restriction":"1","actions":[{"channel":"1","varName":"","message":"Test","storage":"0","varName2":"","iffalse":"0","iffalseVal":"","name":"Send Message"},{"storage":"0","varName":"","name":"Un-Pin Message"}]},{"name":"propozycja","permissions":"ADMINISTRATOR","restriction":"1","_id":"BqzYz","actions":[{"info":"1","find":"propozycje","storage":"1","varName":"kanal","name":"Find Channel"},{"member":"1","varName":"","info":"7","storage":"1","varName2":"user_tag","name":"Store Member Things"},{"member":"1","varName":"","info":"16","storage":"1","varName2":"avatar_URL","name":"Store Member Info"},{"info":"1","infoIndex":"1","storage":"1","varName":"propozycja_tresc","name":"Store Command Params"},{"condition":"0","comparison":"1","value":"1","iftrue":"0","iftrueVal":"","iffalse":"3","iffalseVal":"4","name":"Check Parameters"},{"title":"","author":"","color":"","timestamp":"false","url":"","authorIcon":"","imageUrl":"","thumbUrl":"","storage":"1","varName":"embed_blad","name":"Create Embed Message"},{"storage":"1","varName":"embed_blad","message":"**Błąd:** Napisz swoją propozycję!","name":"Set Embed Description"},{"storage":"1","varName":"embed_blad","channel":"0","varName2":"","storage3":"0","varName3":"","name":"Send Embed Message"},{"name":"End Action Sequence"},{"title":"","author":"${tempVars(\"user_tag\")}","color":"#69ff84 ","timestamp":"false","url":"","authorIcon":"${tempVars(\"avatar_URL\")}","imageUrl":"","thumbUrl":"","storage":"1","varName":"propozycja_embed","name":"Create Embed Message"},{"storage":"1","varName":"propozycja_embed","message":"${tempVars(\"propozycja_tresc\")}","name":"Set Embed Description"},{"storage":"1","varName":"propozycja_embed","message":"✅ Jestem za! • ❌ Jestem przeciw!","footerIcon":"","name":"Set Embed Footer"},{"storage":"1","varName":"propozycja_embed","channel":"5","varName2":"kanal","storage3":"1","varName3":"wiadomosc_sended","name":"Send Embed Message"},{"storage":"1","varName":"wiadomosc_sended","emoji":"4","varName2":"✅","varName3":"","name":"Add Reaction"},{"storage":"1","varName":"wiadomosc_sended","emoji":"4","varName2":"❌","varName3":"","name":"Add Reaction"},{"time":"2","measurement":"1","name":"Wait"},{"storage":"0","varName":"","name":"Delete Message"}]},{"name":"graj","permissions":"NONE","restriction":"1","_id":"dfaXI","actions":[{"info":"1","infoIndex":"1","storage":"1","varName":"search","name":"Store Command Params"},{"server":"0","varName":"","storage":"1","varName2":"botmem","name":"Get Bot as Member"},{"video":"${tempVars(\"search\")}","key":"TUTAJ_KLUCZ","info":"6","resultNo":"0","storage":"1","varName":"videokind","name":"YouTube Search"},{"token":"","user":"","pass":"","url":"https://www.googleapis.com/youtube/v3/search?part=snippet&maxResults=5&q=${tempVars(\"search\")}&key=TUTAJ_KLUCZ","path":"items[0].snippet.channelTitle","storage":"2","varName":"channel","debugMode":"1","headers":"","name":"Store Json From WebAPI"},{"token":"","user":"","pass":"","url":"https://www.googleapis.com/youtube/v3/search?part=snippet&maxResults=5&q=${tempVars(\"search\")}&key=TUTAJ_KLUCZ","path":"items[0].snippet.publishedAt","storage":"2","varName":"published","debugMode":"1","headers":"","name":"Store Json From WebAPI"},{"token":"","user":"","pass":"","url":"https://www.googleapis.com/youtube/v3/search?part=snippet&maxResults=5&q=${tempVars(\"search\")}&key=TUTAJ_KLUCZ","path":"items[0].snippet.thumbnails.default.url","storage":"2","varName":"coverart","debugMode":"1","headers":"","name":"Store Json From WebAPI"},{"token":"","user":"","pass":"","url":"https://www.googleapis.com/youtube/v3/search?part=snippet&maxResults=5&q=${tempVars(\"search\")}&key=TUTAJ_KLUCZ","path":"items[0].snippet.title","storage":"2","varName":"title","debugMode":"1","headers":"","name":"Store Json From WebAPI"},{"token":"","user":"","pass":"","url":"https://www.googleapis.com/youtube/v3/search?part=snippet&maxResults=5&q=${tempVars(\"search\")}&key=TUTAJ_KLUCZ","path":"items[0].id.videoId","storage":"2","varName":"url","debugMode":"1","headers":"","name":"Store Json From WebAPI"},{"channel":"0","varName":"","info":"2","storage":"1","varName2":"playchannel","name":"Store Voice Channel Info"},{"title":"▶️ Teraz Gramy: ${serverVars(\"title\")}","author":"","color":"#0080FF","timestamp":"true","url":"https://www.youtube.com/watch?v=${serverVars(\"url\")}","authorIcon":"","imageUrl":"","thumbUrl":"${serverVars(\"coverart\")}","storage":"1","varName":"embed","name":"Create Embed Message"},{"time":"${serverVars(\"published\")}","storage":"2","varName":"realpublished","name":"Convert Timestamp to Date"},{"storage":"1","varName":"embed","fieldName":"Gramy na:","message":"`${tempVars(\"playchannel\")}`","inline":"0","name":"Add Embed Field"},{"storage":"1","varName":"embed","fieldName":"Opublikowano:","message":"`${serverVars(\"realpublished\")}`","inline":"0","name":"Add Embed Field"},{"storage":"1","varName":"embed","channel":"0","varName2":"","name":"Send Embed Message"},{"channel":"0","varName":"","name":"Join Voice Channel"},{"url":"${serverVars(\"url\")}","seek":"0","volume":"","passes":"1","bitrate":"64000","type":"0","name":"Play YouTube Video"},{"name":"End Action Sequence"}]},{"name":"priv","permissions":"ADMINISTRATOR","restriction":"0","_id":"kvCor","actions":[{"condition":"0","comparison":"0","value":"0","iftrue":"0","iftrueVal":"","iffalse":"3","iffalseVal":"2","name":"Check Parameters"},{"channel":"0","varName":"","message":"Wpisz tekst.","storage":"0","varName2":"","name":"Send Message"},{"name":"End Action Sequence"},{"list":"0","varName":"","getType":"0","position":"","storage":"1","varName2":"users","name":"Get Item from List"},{"info":"1","infoIndex":"1","storage":"1","varName":"text","name":"Store Command Params"},{"channel":"5","varName":"users","message":"**Wiadomość od ${member}**\n\n- ${tempVars(\"text\") || \"Błąd!\"}","storage":"0","varName2":"","name":"Send Message"}]},{"name":"f5","permissions":"ADMINISTRATOR","restriction":"1","_id":"UoUWx","actions":[{"type":"3","storage":"1","varName":"godzina","name":"Store Time Info"},{"type":"4","storage":"1","varName":"minuta","name":"Store Time Info"},{"server":"0","varName":"","info":"17","storage":"1","varName2":"totuser","name":"Store Server Things"},{"server":"0","varName":"","info":"18","storage":"1","varName2":"user","name":"Store Server Things"},{"storage":"4","varName":"user","toChange":"name","newState":"👪 Użytkownicy: ${tempVars(\"totuser\")}","name":"Edit Channel"},{"storage":"4","varName":"hour","toChange":"name","newState":"🕗 Godzina: ${tempVars(\"godzina\")}:${tempVars(\"minuta\")}","name":"Edit Channel"}],"comType":"0"},{"name":"bug","permissions":"NONE","restriction":"1","actions":[{"server":"0","varName":"","info":"5","storage":"1","varName2":"ikonaSerwera","name":"Store Server Info"},{"member":"1","varName":"","info":"16","storage":"1","varName2":"avatarSprawcy","name":"Store Member Info"},{"info":"19","storage":"1","varName2":"botPrefix","name":"Store Bot Client Info"},{"comment":"<u>Sprawdzam dane...</u>","color":"#000080","name":"Comment"},{"condition":"0","comparison":"0","value":"0","iftrue":"0","iftrueVal":"4","iffalse":"3","iffalseVal":"4","name":"Check Parameters"},{"title":"","author":"Wysłanie wiadomości nie powiodło się","color":"#FEA101","timestamp":"true","url":"","authorIcon":"${tempVars(\"ikonaSerwera\") || \"http://db.filemon-bot.pl/bot/err/err01.png\"}","imageUrl":"","thumbUrl":"${tempVars(\"avatarSprawcy\") || \"http://db.filemon-bot.pl/bot/err/err02.png\"}","storage":"1","varName":"embed-blad1","name":"Create Embed Message"},{"storage":"1","varName":"embed-blad1","message":"Prawdopodobnie nie podałeś żadnego wyjaśnienia błędu lub jest on za krótki.\n`${tempVars(\"botPrefix\") || \"//\"}bug <opis>`","name":"Set Embed Description"},{"storage":"1","varName":"embed-blad1","channel":"0","varName2":"","storage3":"0","varName3":"","name":"Send Embed Message"},{"name":"End Action Sequence"},{"server":"0","varName":"","storage":"1","varName2":"botMember","name":"Get Bot as Member"},{"member":"2","varName":"botMember","permission":"CREATE_INSTANT_INVITE","iftrue":"3","iftrueVal":"4","iffalse":"0","iffalseVal":"","name":"Check Member Permissions"},{"title":"","author":"Wysłanie wiadomości nie powiodło się","color":"#FEA101","timestamp":"true","url":"","authorIcon":"${tempVars(\"ikonaSerwera\") || \"http://db.filemon-bot.pl/bot/err/err01.png\"}","imageUrl":"","thumbUrl":"${tempVars(\"avatarSprawcy\") || \"http://db.filemon-bot.pl/bot/err/err02.png\"}","storage":"1","varName":"embed-blad2","name":"Create Embed Message"},{"storage":"1","varName":"embed-blad2","message":"Nie posiadam uprawnień do tworzenia zaproszeń na tym serwerze, by administrator bota mógł wejść na serwer i rozpatrzeć problem.","name":"Set Embed Description"},{"storage":"1","varName":"embed-blad2","channel":"0","varName2":"","storage3":"0","varName3":"","name":"Send Embed Message"},{"name":"End Action Sequence"},{"channel":"0","varName":"","maxUses":"","lifetime":"","tempInvite":"false","unique":"true","storage":"1","varName2":"zapro","name":"Create Invite"},{"comment":"Wszystkie sekcje, błędy użytkownika popełnione w użyciu polecenia sprawdzone! ","color":"#ffff00","name":"Comment"},{"comment":"<b>Teraz sprawdzimy cenne informację o użytkowniku...</b>","color":"#ffff00","name":"Comment"},{"info":"1","infoIndex":"1","storage":"1","varName":"Opis-Buga","name":"Store Command Params"},{"member":"1","varName":"","info":"2","storage":"1","varName2":"nickSprawcy","name":"Store Member Info"},{"member":"1","varName":"","info":"5","storage":"1","varName2":"tagSprawcy","name":"Store Member Things"},{"member":"1","varName":"","info":"1","storage":"1","varName2":"idSprawcy","name":"Store Member Info"},{"comment":"<b>No i git! Informację o serwerze...</b>","color":"#00FF00","name":"Comment"},{"server":"0","varName":"","info":"2","storage":"1","varName2":"nazwaSerwera","name":"Store Server Info"},{"server":"0","varName":"","info":"1","storage":"1","varName2":"idSerwera","name":"Store Server Info"},{"server":"0","varName":"","info":"11","storage":"1","varName2":"tworcaSerwera","name":"Store Server Info"},{"member":"2","varName":"tworcaSerwera","info":"7","storage":"1","varName2":"tworcaSerwera.NICK","name":"Store Member Things"},{"member":"2","varName":"tworcaSerwera","info":"1","storage":"1","varName2":"tworcaSerwera.ID","name":"Store Member Info"},{"server":"0","varName":"","info":"36","storage":"1","varName2":"osoby.na.SERWERZE","name":"Store Server Info"},{"type":"3","storage":"1","varName":"godzina","name":"Store Time Info"},{"type":"4","storage":"1","varName":"minuta","name":"Store Time Info"},{"type":"5","storage":"1","varName":"sekunda","name":"Store Time Info"},{"type":"0","storage":"1","varName":"rok","name":"Store Time Info"},{"type":"1","storage":"1","varName":"miesiac","name":"Store Time Info"},{"type":"2","storage":"1","varName":"dzien","name":"Store Time Info"},{"comment":"<b>--------------------------------------------------------------------------</b>","color":"#000000","name":"Comment"},{"comment":"<u><b>/\\& UWAGA! &/\\</b</u>","color":"#800040","name":"Comment"},{"comment":"Plik z raportem stworzy ci się w lokalizacji: ","color":"#00FF00","name":"Comment"},{"comment":"<code><b>W głównym katalogu projektu twojego bota.</b></code>","color":"#000000","name":"Comment"},{"comment":"W tym katalogu musi się jeszcze znajdować jeden plik o nazwie <code>favicon.ico</code>","color":"#000000","name":"Comment"},{"input":"<!DOCTYPE html>\n<html lang=\"pl\">\n    <!-- \n\t» {LICENSE:}\n\t\n    » *PL:*\n    • Skrypt zrobiony przez: Taki Tam Slu 🔥#5916.\n    • Wersja: v0.3\n    • Możesz kożystać z tej komendy, skryptu jeśli zostawisz ten wpis.\n\t**Co Nowego?**\n\t- Możesz wejść na serwer (na którym dokonano czynu), poprzez zaproszenie które twój bot wygenerował.\n\t- Poprawa styli.\n\t- Naprawiono kilka błędów.\n\t- Usuniętno date/godzine stworzenia serwera na którym dokonano czynu.\n\t- Dodano date stworzenia raportu.\n\n    » *ENG:*\n    • Script made by: Taki Tam Slu 🔥 # 5916.\n     • Version: v0.3\n     • You can use this command, script if you leave this entry.\n\t**What's new?**\n\t- You can enter the server (on which the action was made), through the invitation that your bot generated.\n\t- Style improvement.\n\t- Several bugs fixed.\n\t- Removed date/hour of creating the server on which the action was performed.\n\t- Date of creation of the report has been added.\n    -->\n<head>\n    <meta charset=\"utf-8\">\n\t<title>Raport</title>\n    <meta http-equiv=\"X-UA-Compatible\" content=\"IE=edge,chrome=1\">\n    <link href=\"img/favicon.ico\" rel=\"shortcut icon\">\n</head>\n<body>\n    <!-- WSTĘP -->\n    <center>\n        <font size=\"6px\" color=\"blue\">\n            <b>\n                » Buga zgłosił: <code>${tempVars(\"nickSprawcy\") || \"<b>Błąd bota lub skryptu. Przepraszam 😥!</b>\"}</code>.<br>\n            </b>\n        </font>\n        <font size=\"3px\">\n\t\t\t<b>\n\t\t\t\tData wygenerowania raportu:\n\t\t\t</b> \n\t\t\t<code>\n\t\t\t\t${tempVars(\"godzina\")}:${tempVars(\"minuta\")}:${tempVars(\"sekunda\")},\n\t\t\t</code>\n\t\t\t<b>\n\t\t\t\tdnia\n\t\t\t</b>\n\t\t\t<code>\n\t\t\t\t${tempVars(\"dzien\")}.${tempVars(\"miesiac\")}.${tempVars(\"rok\")}\n\t\t\t</code>\n\t\t\t<br>\n        <b>\n            Bot:\n        </b> \n            Wpisz tutaj nazwe swojego bota, bez tagu. <i>Nie Wymagane!</i><br>\n        </font>\n    </center>   \n    <hr>\n\n\n\n\t\n    <font size=\"5px\" color=\"#b803ff\" face=\"cursive\" align=\"center\">\n\t\t<center>\n\t\t»\n\t\t\t<b>\n\t\t\t\t<u>Informację o zgłaszającym:</u>\n\t\t\t</b>\n\t\t«\n\t\t</center>\t\t\n    </font>\t\n\t\n    • <b>Nick zgłaszającego:</b> ${tempVars(\"nickSprawcy\") || \"<b>Błąd bota lub skryptu. Przepraszam 😥!</b>\"}<br>\n    • <b>Tag zgłaszającego:</b> <code>#${tempVars(\"tagSprawcy\") || \"<b>Błąd bota lub skryptu. Przepraszam 😥!</b>\"}</code><br>\n    • <b>ID zgłaszającego:</b> ${tempVars(\"idSprawcy\") || \"<b>Błąd bota lub skryptu. Przepraszam 😥!</b>\"}<br>\n    • <b>Link do awatara:</b> <a href=\"${tempVars(\"avatarSprawcy\") || \"<b>Błąd bota lub skryptu. Przepraszam 😥!</b>\"}\" title=\"${tempVars(\"nickSprawcy\") || \"<b>Błąd bota lub skryptu. Przepraszam 😥!</b>\"}\" target=\"_blank\"><code><b>Kliknij</b></code></a><br>\n\n    <!-- SERWER -->\n\t<br>\n    <font size=\"5px\" color=\"#b803ff\" face=\"cursive\">\n\t\t<center>\n\t\t»\n\t\t\t<b>\n\t\t\t\t<u>Informację o serwerze, na którym dokonano czynu:</u>\n\t\t\t</b>\n\t\t«\n\t\t</center>\t\t\n    </font>\t\n\t\t<font size=\"4px\" color=\"black\">\n\t\t\t<center>\n\t\t\t\t<b>\n\t\t\t\t\t<code>\n\t\t\t\t\t\t<i>\n\t\t\t\t\t\t\t» Zapro na serwer, <a href=\"${tempVars(\"zapro\") || \"<b>Błąd bota lub skryptu. Przepraszam 😥!</b>\"}\" title=\"Zaproszenie na serwer na którym dokonao czynu.\" target=\"_blank\">Kliknij!</a><br>\n\t\t\t\t\t\t</i>\n\t\t\t\t\t</code>\n\t\t\t\t</b> \n\t\t\t</center>\n\t\t</font>\n    • <b>Nazwa serwera:</b> ${tempVars(\"nazwaSerwera\") || \"<b>Błąd bota lub skryptu. Przepraszam 😥!</b>\"}<br>\n    • <b>ID serwera:</b> ${tempVars(\"idSerwera\") || \"<b>Błąd bota lub skryptu. Przepraszam 😥!</b>\"}<br>\n    • <b>Twórca serwera:</b> ${tempVars(\"tworcaSerwera.NICK\") || \"<b>Błąd bota lub skryptu. Przepraszam 😥!</b>\"}<br>\n    • <b>ID twórcy serwera:</b> ${tempVars(\"tworcaSerwera.ID\") || \"<b>Błąd bota lub skryptu. Przepraszam 😥!</b>\"}<br>\n    • <b>Ludność na serwerze:</b> ${tempVars(\"osoby.na.SERWERZE\") || \"<b>Błąd bota lub skryptu. Przepraszam 😥!</b>\"}<br>\n    • <b>Link do awatara:</b> <a href=\"${tempVars(\"ikonaSerwera\") || \"<b>Błąd bota lub skryptu. Przepraszam 😥!</b>\"}\" title=\"${tempVars(\"nazwaSerwera\") || \"<b>Błąd bota lub skryptu. Przepraszam 😥!</b>\"}\" target=\"_blank\"><code><b>Kliknij</b></code></a><br>\n\n\n    <hr>\n    <!-- Awatar użytkownika, po lewej. -->\n    <div style='float:left'>\n        <font size=\"4px\">\n            <center><b>• Awatar użytkownika:</b></center>\n                <a\n                    href=\"${tempVars(\"avatarSprawcy\") || \"<b>Błąd bota lub skryptu. Przepraszam 😥!</b>\"}\"\n\t\t\t\t\talt=\"Wystąpił problem!\"\n                    title=\"${tempVars(\"nickSprawcy\") || \"<b>Błąd bota lub skryptu. Przepraszam 😥!</b>\"}\"\n                    target=\"_blank\"\n                >\n                <img\n                    src=\"${tempVars(\"avatarSprawcy\") || \"<b>Błąd bota lub skryptu. Przepraszam 😥!</b>\"}\"\n\t\t\t\t\talt=\"Wystąpił problem!\"\n                    width=\"200px\"\n                    height=\"200px\"\n                />\n            </a>\n        </font>\n    </div>\n\t\n    <!-- Ikona serwera, po prawej. -->\n    <div style='float:right'>\n        <font size=\"4px\">\n            <center>\n\t\t\t\t<b>\n\t\t\t\t• Awatar serwera:\n\t\t\t\t</b>\n\t\t\t</center> \n            <a\n            href=\"${tempVars(\"ikonaSerwera\") || \"<b>Błąd bota lub skryptu. Przepraszam 😥!</b>\"}\"\n\t\t\ttitle=\"${tempVars(\"nazwaSerwera\") || \"<b>Błąd bota lub skryptu. Przepraszam 😥!</b>\"}\"\n            target=\"_blank\"\n            >\n\t\t\t\t<img\n\t\t\t\tsrc=\"${tempVars(\"ikonaSerwera\") || \"<b>Błąd bota lub skryptu. Przepraszam 😥!</b>\"}\"\n\t\t\t\twith=\"200px\"\n\t\t\t\theight=\"200px\"\n\t\t\t\tstyle='float:right'\n\t\t\t\t/>\n            </a>\n        </font>\n    </div>\n\t\n    <!-- INFORMACJĘ OD UŻYTKOWNIKA -->\n    <center>\n        <font size=\"6px\" color=\"red\">\n            <b>\n\t\t\t»\n                <u>Informację od użytkownika:</u>\n\t\t\t«\n            </b>\n        </font>\n\t\t<br>\n\t\t<code>\n\t\t\t<b>\n            • Tekst po komendzie, który napisał użytkownik zgłaszający problem:\n\t\t\t</b>\n\t\t\t</code>\n        <br>\n        <code>\n            <textarea  cols=\"130\" rows=\"10\" readonly>\n${tempVars(\"Opis-Buga\") || \"<b>Błąd bota lub skryptu. Przepraszam 😥!</b>\"}\n            </textarea>\n        </code>\n        <br>\n    </center>\n    \n    <!-- STOPKA -->\n    <hr>\n    <center>\n        <font size=\"3px\">\n            <b>\n                Skrypt i komenda wykonana przez <code>Taki Tam Slu 🔥#5916</code>. Serwery i boty twórcy:<br>\n                <a href=\"https://discord.gg/26fu8Wf\" title=\"Fani Anime (v4.2) [PL] ©\" target=\"_blank\"><button>Serwer Anime</button></a>\n                <a href=\"https://discordbots.org/bot/546058545917984769#filemon-bot\" title=\"FiluśBot™#3100\" target=\"_blank\"><button>Bot twórcy tego działa</button></a>\n\t\t\t\t<a href=\"https://discord.gg/sYnyd6m\" title=\"FilemonBot Support™\" target=\"_blank\"><button>Serwer Wspracie bota FiluśBot™#3100</button></a>\n           </b>\n        </font>\n    </center>\n</body>\n</html>","format":"","filename":"${tempVars(\"nickSprawcy\")} [NazwaTwegoBota].html","filepath":"","filetask":"2","name":"File Control"},{"comment":"<b>--------------------------------------------------------------------------</b>","color":"#000000","name":"Comment"},{"comment":"Wszystko git! Wysyłamy raport na serwer...","color":"#00ffff","name":"Comment"},{"title":"","author":"✅ Sukces! ✅","color":"#00FF00","timestamp":"true","url":"","authorIcon":"${tempVars(\"ikonaSerwera\") || \"http://db.filemon-bot.pl/bot/err/err01.png\"}","imageUrl":"","thumbUrl":"${tempVars(\"avatarSprawcy\") || \"http://db.filemon-bot.pl/bot/err/err02.png\"}","storage":"1","varName":"embed-done","name":"Create Embed Message"},{"storage":"1","varName":"embed-done","message":"Wiadomość została dostarczona na serwer bota. Odczekuj na odpowiedź.\n\n__**Treść twojego raportu:**__\n```\n${tempVars(\"Opis-Buga\") || \"Błąd w skrypcie, przepraszam...\"}\n```","name":"Set Embed Description"},{"storage":"1","varName":"embed-done","channel":"0","varName2":"","storage3":"0","varName3":"","name":"Send Embed Message"}],"_id":"Sizyp","comType":"0"},{"name":"sprawa","permissions":"NONE","restriction":"1","_id":"EaiYh","actions":[{"member":"1","varName":"","info":"16","storage":"1","varName2":"avatar_wysyłającego","name":"Store Member Info"},{"condition":"0","comparison":"2","value":"1","iftrue":"3","iftrueVal":"7","iffalse":"0","iffalseVal":"","name":"Check Parameters"},{"title":"","author":"","color":"#00c9ff","timestamp":"false","url":"","authorIcon":"","imageUrl":"","thumbUrl":"","storage":"1","varName":"embediro","name":"Create Embed Message"},{"storage":"1","varName":"embediro","message":"Chcesz wysłać jakąś wiadomość do mnie?\n**Wpisz:** `!sprawa (treść)`","name":"Set Embed Description"},{"storage":"1","varName":"embediro","channel":"0","varName2":"","storage3":"1","varName3":"error_zwrotna","name":"Send Embed Message"},{"time":"5","measurement":"1","name":"Wait"},{"storage":"0","varName":"","name":"Delete Message"},{"storage":"1","varName":"error_zwrotna","name":"Delete Message"},{"name":"End Action Sequence"},{"info":"0","find":"591604167215153163","storage":"1","varName":"kanal_sprawa","name":"Find Channel"},{"info":"1","infoIndex":"1","storage":"1","varName":"tekst","name":"Store Command Params"},{"member":"1","varName":"","info":"7","storage":"1","varName2":"user_wysyyla","name":"Store Member Things"},{"title":"","author":"","color":"#FF0000","timestamp":"true","url":"","authorIcon":"","imageUrl":"","thumbUrl":"${tempVars(\"avatar_wysyłającego\")}","storage":"1","varName":"embediro2","name":"Create Embed Message"},{"storage":"1","varName":"embediro2","fieldName":"**${tempVars(\"user_wysyyla\")}** - Wysyła Ci wiadomość!","message":"*${tempVars(\"tekst\")}*","inline":"1","name":"Add Embed Field"},{"storage":"1","varName":"embediro2","message":"💬","footerIcon":"","name":"Set Embed Footer"},{"storage":"1","varName":"embediro2","channel":"5","varName2":"kanal_sprawa","storage3":"0","varName3":"","name":"Send Embed Message"},{"time":"2","measurement":"1","name":"Wait"},{"storage":"0","varName":"","name":"Delete Message"},{"channel":"0","varName":"","message":"Wiadomość wysłana!","storage":"1","varName2":"sprawa_wiadomość","name":"Send Message"},{"time":"3","measurement":"1","name":"Wait"},{"storage":"1","varName":"sprawa_wiadomość","name":"Delete Message"},{"title":"","author":"","color":"#00ff7c","timestamp":"true","url":"","authorIcon":"","imageUrl":"","thumbUrl":"","storage":"1","varName":"embed_PW","name":"Create Embed Message"},{"storage":"1","varName":"embed_PW","fieldName":"🔔 Wysłałeś wiadomość!","message":"**Dokładna treść twojej wiadomości:**\n```${tempVars(\"tekst\")}```","inline":"1","name":"Add Embed Field"},{"storage":"1","varName":"embed_PW","message":"💬 ","footerIcon":"","name":"Set Embed Footer"},{"storage":"1","varName":"embed_PW","channel":"1","varName2":"","storage3":"0","varName3":"","name":"Send Embed Message"}]},{"name":"koty","permissions":"NONE","restriction":"1","_id":"smvGb","actions":[{"member":"1","varName":"","info":"2","storage":"1","varName2":"nickUzytkownika","name":"Store Member Info"},{"member":"1","varName":"","info":"16","storage":"1","varName2":"avatarGracza","name":"Store Member Info"},{"comment":"==============================================================","color":"#000000","name":"Comment"},{"title":"Trwa ładowanie obrazu...","author":"","color":"#00ff00","timestamp":"true","url":"","authorIcon":"","imageUrl":"","thumbUrl":"","storage":"1","varName":"embed1","name":"Create Embed Message"},{"storage":"1","varName":"embed1","message":"Na żądanie ${tempVars(\"nickUzytkownika\") || \"Wystąpił problem podczas pobierania nicku. Skontaktuj się z właścicielem bota\"}. Powered by nekos.life","footerIcon":"${tempVars(\"avatarGracza\")}","name":"Set Embed Footer"},{"storage":"1","varName":"embed1","channel":"0","varName2":"","storage3":"1","varName3":"sent.emb.msg","name":"Send Embed Message"},{"comment":"v Ładowanie obrazu v","color":"#000000","name":"Comment"},{"token":"","user":"","pass":"","url":"https://nekos.life/api/v2/img/meow","path":"url","storage":"1","varName":"img-url","debugMode":"0","headers":"","name":"Store Json From WebAPI"},{"title":"Na żądanie ${tempVars(\"nickUzytkownika\") || \"Wystąpił problem podczas pobierania nicku. Skontaktuj się z właścicielem bota\"}","author":"","color":"#00FFFF","timestamp":"true","url":"","authorIcon":"","imageUrl":"${tempVars(\"img-url\")}","thumbUrl":"","storage":"1","varName":"embed2","name":"Create Embed Message"},{"storage":"1","varName":"embed2","message":"Powered by Piotrek","footerIcon":"${tempVars(\"avatarGracza\")}","name":"Set Embed Footer"},{"storage":"1","varName":"sent.emb.msg","storage2":"1","varName2":"embed2","name":"Edit Embed"}],"_aliases":["nekos","gif"]}]